-- phpMyAdmin SQL Dump
-- version 4.5.1
-- http://www.phpmyadmin.net
--
-- Host: 127.0.0.1
-- Generation Time: Apr 20, 2019 at 02:48 PM
-- Server version: 10.1.19-MariaDB
-- PHP Version: 5.6.28

SET SQL_MODE = "NO_AUTO_VALUE_ON_ZERO";
SET time_zone = "+00:00";


/*!40101 SET @OLD_CHARACTER_SET_CLIENT=@@CHARACTER_SET_CLIENT */;
/*!40101 SET @OLD_CHARACTER_SET_RESULTS=@@CHARACTER_SET_RESULTS */;
/*!40101 SET @OLD_COLLATION_CONNECTION=@@COLLATION_CONNECTION */;
/*!40101 SET NAMES utf8mb4 */;

--
-- Database: `pdam3`
--

-- --------------------------------------------------------

--
-- Table structure for table `arduino`
--

CREATE TABLE `arduino` (
  `id` int(10) UNSIGNED NOT NULL,
  `ip` bigint(20) NOT NULL,
  `port` int(10) DEFAULT NULL,
  `description` varchar(20) DEFAULT NULL
) ENGINE=InnoDB DEFAULT CHARSET=latin1;

-- --------------------------------------------------------

--
-- Table structure for table `data_training`
--

CREATE TABLE `data_training` (
  `id` int(3) NOT NULL,
  `nama` varchar(50) NOT NULL,
  `jk` varchar(1) NOT NULL,
  `tipe_rumah` varchar(7) NOT NULL,
  `jml_anggota_keluarga` varchar(7) NOT NULL,
  `jml_kendaraan` varchar(7) NOT NULL,
  `bulan1` float NOT NULL,
  `bulan2` float NOT NULL,
  `bulan3` float NOT NULL,
  `bulan4` float NOT NULL,
  `bulan5` float NOT NULL,
  `status_penggunaan` varchar(6) NOT NULL
) ENGINE=InnoDB DEFAULT CHARSET=latin1;

--
-- Dumping data for table `data_training`
--

INSERT INTO `data_training` (`id`, `nama`, `jk`, `tipe_rumah`, `jml_anggota_keluarga`, `jml_kendaraan`, `bulan1`, `bulan2`, `bulan3`, `bulan4`, `bulan5`, `status_penggunaan`) VALUES
(21, 'GINA MARLIANA', 'P', 'Kecil', 'Sedikit', 'Sedang', 8.3, 8.6, 9.1, 8.9, 8.7, 'Rendah'),
(22, 'NURUL HUDA', 'L', 'Kecil', 'Banyak', 'Sedikit', 9.2, 9.4, 9.3, 9.5, 9.8, 'Rendah'),
(23, 'SYAMSUL JAJURI', 'L', 'Kecil', 'Sedang', 'Banyak', 12.5, 11.9, 11.8, 12.3, 12.1, 'Sedang'),
(24, 'AI NURUL HIDAYATI', 'P', 'Kecil', 'Sedang', 'Sedang', 13.1, 13.2, 12.9, 12.8, 12.6, 'Sedang'),
(25, 'AI SITI RUBAIAH', 'P', 'Kecil', 'Sedang', 'Sedikit', 10.5, 10.2, 10.6, 10.8, 11.2, 'Sedang'),
(26, 'DIAN SETIAWATI', 'P', 'Kecil', 'Sedikit', 'Banyak', 12.7, 12.4, 12.8, 12.9, 12.1, 'Sedang'),
(27, 'AGUS EPENDI', 'L', 'Kecil', 'Banyak', 'Sedikit', 15.2, 15.9, 16.2, 15.7, 15.3, 'Tinggi'),
(28, 'HERUDA NOVENDI', 'L', 'Kecil', 'Banyak', 'Sedang', 14.5, 15.8, 14.9, 15.5, 14.5, 'Tinggi'),
(29, 'IKEU ROSILAWATI', 'P', 'Standar', 'Sedang', 'Sedikit', 14.4, 15.1, 14.8, 14.7, 15.2, 'Rendah'),
(30, 'DIDI SUDIANA', 'L', 'Standar', 'Sedang', 'Sedang', 19.9, 19.6, 20.4, 19.2, 20.2, 'Sedang'),
(31, 'INDAH IRAWATI', 'P', 'Standar', 'Sedang', 'Sedikit', 14.8, 15.2, 14.9, 15.5, 15.7, 'Sedang'),
(32, 'JOKO ANWAR', 'L', 'Standar', 'Sedikit', 'Banyak', 15.6, 15.3, 15.7, 15.9, 16.2, 'Sedang'),
(33, 'KURNIAWAN MAULANA', 'L', 'Standar', 'Banyak', 'Sedang', 20.1, 20.5, 21.2, 20.8, 20.7, 'Tinggi'),
(34, 'MARYATI', 'P', 'Standar', 'Sedikit', 'Banyak', 21.4, 21.2, 20.7, 20.8, 20.6, 'Tinggi'),
(35, 'WAWAN RIDWAN', 'L', 'Standar', 'Sedang', 'Banyak', 20.6, 21.7, 19.7, 19.8, 20.9, 'Tinggi'),
(36, 'PURRI JULIANA NOARI', 'P', 'Besar', 'Sedikit', 'Sedikit', 14.1, 14.3, 14.1, 14.6, 13.8, 'Rendah'),
(37, 'KIKI NURHAKIKI', 'P', 'Besar', 'Sedang', 'Banyak', 17.5, 16.9, 18.2, 17.8, 17.2, 'Rendah'),
(38, 'JAJANG NURJAMAN', 'L', 'Besar', 'Sedikit', 'Banyak', 16.4, 17.1, 16.9, 16.2, 16.7, 'Rendah'),
(39, 'KOMARUDIN', 'L', 'Besar', 'Banyak', 'Sedikit', 21.2, 22.4, 19.2, 23.1, 20.7, 'Sedang'),
(40, 'TOTO ISJAYANTO', 'L', 'Besar', 'Sedang', 'Banyak', 24.9, 25.4, 26.9, 27.1, 25.3, 'Tinggi');

-- --------------------------------------------------------

--
-- Table structure for table `groups`
--

CREATE TABLE `groups` (
  `id` int(10) UNSIGNED NOT NULL,
  `name` varchar(50) NOT NULL,
  `module` int(10) DEFAULT NULL,
  `description` varchar(50) DEFAULT NULL
) ENGINE=InnoDB DEFAULT CHARSET=latin1;

-- --------------------------------------------------------

--
-- Table structure for table `limabulanan`
--

CREATE TABLE `limabulanan` (
  `id_limabulanan` int(10) NOT NULL,
  `id_pelanggan` int(10) NOT NULL,
  `bulan` int(2) NOT NULL,
  `tahun` int(5) NOT NULL,
  `total` float NOT NULL,
  `siklus` varchar(7) NOT NULL,
  `statusnya` varchar(6) NOT NULL
) ENGINE=InnoDB DEFAULT CHARSET=latin1;

--
-- Dumping data for table `limabulanan`
--

INSERT INTO `limabulanan` (`id_limabulanan`, `id_pelanggan`, `bulan`, `tahun`, `total`, `siklus`, `statusnya`) VALUES
(545, 12345, 6, 2018, 8.3, '5bulan1', 'Rendah'),
(546, 56796, 6, 2018, 9.2, '5bulan1', 'Rendah'),
(547, 56797, 6, 2018, 12.5, '5bulan1', 'Sedang'),
(548, 56798, 6, 2018, 13.1, '5bulan1', 'Sedang'),
(549, 56799, 6, 2018, 10.5, '5bulan1', 'Sedang'),
(550, 56800, 6, 2018, 12.7, '5bulan1', 'Sedang'),
(551, 56801, 6, 2018, 15.2, '5bulan1', 'Tinggi'),
(552, 56802, 6, 2018, 14.5, '5bulan1', 'Sedang'),
(553, 56803, 6, 2018, 14.4, '5bulan1', 'Rendah'),
(554, 56805, 6, 2018, 19.9, '5bulan1', 'Sedang'),
(555, 56806, 6, 2018, 14.8, '5bulan1', 'Rendah'),
(556, 56807, 6, 2018, 15.6, '5bulan1', 'Sedang'),
(557, 56808, 6, 2018, 20.1, '5bulan1', 'Tinggi'),
(558, 56809, 6, 2018, 21.4, '5bulan1', 'Tinggi'),
(559, 56810, 6, 2018, 20.6, '5bulan1', 'Tinggi'),
(560, 56811, 6, 2018, 14.1, '5bulan1', 'Rendah'),
(561, 56812, 6, 2018, 17.5, '5bulan1', 'Rendah'),
(562, 56813, 6, 2018, 16.4, '5bulan1', 'Rendah'),
(563, 56814, 6, 2018, 21.2, '5bulan1', 'Sedang'),
(564, 56815, 6, 2018, 24.9, '5bulan1', 'Sedang'),
(565, 12345, 7, 2018, 8.6, '5bulan2', 'Rendah'),
(566, 56796, 7, 2018, 9.4, '5bulan2', 'Rendah'),
(567, 56797, 7, 2018, 11.9, '5bulan2', 'Sedang'),
(568, 56798, 7, 2018, 13.2, '5bulan2', 'Sedang'),
(569, 56799, 7, 2018, 10.2, '5bulan2', 'Sedang'),
(570, 56800, 7, 2018, 12.4, '5bulan2', 'Sedang'),
(571, 56801, 7, 2018, 15.9, '5bulan2', 'Tinggi'),
(572, 56802, 7, 2018, 15.8, '5bulan2', 'Tinggi'),
(573, 56803, 7, 2018, 15.1, '5bulan2', 'Sedang'),
(574, 56805, 7, 2018, 19.6, '5bulan2', 'Sedang'),
(575, 56806, 7, 2018, 15.2, '5bulan2', 'Sedang'),
(576, 56807, 7, 2018, 15.3, '5bulan2', 'Sedang'),
(577, 56808, 7, 2018, 20.5, '5bulan2', 'Tinggi'),
(578, 56809, 7, 2018, 21.2, '5bulan2', 'Tinggi'),
(579, 56810, 7, 2018, 21.7, '5bulan2', 'Tinggi'),
(580, 56811, 7, 2018, 14.3, '5bulan2', 'Rendah'),
(581, 56812, 7, 2018, 16.9, '5bulan2', 'Rendah'),
(582, 56813, 7, 2018, 17.1, '5bulan2', 'Rendah'),
(583, 56814, 7, 2018, 22.4, '5bulan2', 'Sedang'),
(584, 56815, 7, 2018, 25.4, '5bulan2', 'Tinggi'),
(585, 12345, 8, 2018, 9.1, '5bulan3', 'Rendah'),
(586, 56796, 8, 2018, 9.3, '5bulan3', 'Rendah'),
(587, 56797, 8, 2018, 11.8, '5bulan3', 'Sedang'),
(588, 56798, 8, 2018, 12.9, '5bulan3', 'Sedang'),
(589, 56799, 8, 2018, 10.6, '5bulan3', 'Sedang'),
(590, 56800, 8, 2018, 12.8, '5bulan3', 'Sedang'),
(591, 56801, 8, 2018, 16.2, '5bulan3', 'Tinggi'),
(592, 56802, 8, 2018, 14.9, '5bulan3', 'Sedang'),
(593, 56803, 8, 2018, 14.8, '5bulan3', 'Rendah'),
(594, 56805, 8, 2018, 20.4, '5bulan3', 'Tinggi'),
(595, 56806, 8, 2018, 14.9, '5bulan3', 'Rendah'),
(596, 56807, 8, 2018, 15.7, '5bulan3', 'Sedang'),
(597, 56808, 8, 2018, 21.2, '5bulan3', 'Tinggi'),
(598, 56809, 8, 2018, 20.7, '5bulan3', 'Tinggi'),
(599, 56810, 8, 2018, 19.7, '5bulan3', 'Sedang'),
(600, 56811, 8, 2018, 14.1, '5bulan3', 'Rendah'),
(601, 56812, 8, 2018, 18.2, '5bulan3', 'Rendah'),
(602, 56813, 8, 2018, 16.9, '5bulan3', 'Rendah'),
(603, 56814, 8, 2018, 19.2, '5bulan3', 'Rendah'),
(604, 56815, 8, 2018, 26.9, '5bulan3', 'Tinggi'),
(605, 12345, 9, 2018, 8.9, '5bulan4', 'Rendah'),
(606, 56796, 9, 2018, 9.5, '5bulan4', 'Rendah'),
(607, 56797, 9, 2018, 12.3, '5bulan4', 'Sedang'),
(608, 56798, 9, 2018, 12.8, '5bulan4', 'Sedang'),
(609, 56799, 9, 2018, 10.8, '5bulan4', 'Sedang'),
(610, 56800, 9, 2018, 12.9, '5bulan4', 'Sedang'),
(611, 56801, 9, 2018, 15.7, '5bulan4', 'Tinggi'),
(612, 56802, 9, 2018, 15.5, '5bulan4', 'Tinggi'),
(613, 56803, 9, 2018, 14.7, '5bulan4', 'Rendah'),
(614, 56805, 9, 2018, 19.2, '5bulan4', 'Sedang'),
(615, 56806, 9, 2018, 15.5, '5bulan4', 'Sedang'),
(616, 56807, 9, 2018, 15.9, '5bulan4', 'Sedang'),
(617, 56808, 9, 2018, 20.8, '5bulan4', 'Tinggi'),
(618, 56809, 9, 2018, 20.8, '5bulan4', 'Tinggi'),
(619, 56810, 9, 2018, 19.8, '5bulan4', 'Sedang'),
(620, 56811, 9, 2018, 14.6, '5bulan4', 'Rendah'),
(621, 56812, 9, 2018, 17.8, '5bulan4', 'Rendah'),
(622, 56813, 9, 2018, 16.2, '5bulan4', 'Rendah'),
(623, 56814, 9, 2018, 23.1, '5bulan4', 'Sedang'),
(624, 56815, 9, 2018, 27.1, '5bulan4', 'Tinggi'),
(625, 12345, 10, 2018, 8.7, '5bulan5', 'Rendah'),
(626, 56796, 10, 2018, 9.8, '5bulan5', 'Rendah'),
(627, 56797, 10, 2018, 12.1, '5bulan5', 'Sedang'),
(628, 56798, 10, 2018, 12.6, '5bulan5', 'Sedang'),
(629, 56799, 10, 2018, 11.2, '5bulan5', 'Sedang'),
(630, 56800, 10, 2018, 12.1, '5bulan5', 'Sedang'),
(631, 56801, 10, 2018, 15.3, '5bulan5', 'Tinggi'),
(632, 56802, 10, 2018, 14.5, '5bulan5', 'Sedang'),
(633, 56803, 10, 2018, 15.2, '5bulan5', 'Sedang'),
(634, 56805, 10, 2018, 20.2, '5bulan5', 'Tinggi'),
(635, 56806, 10, 2018, 15.7, '5bulan5', 'Sedang'),
(636, 56807, 10, 2018, 16.2, '5bulan5', 'Sedang'),
(637, 56808, 10, 2018, 20.7, '5bulan5', 'Tinggi'),
(638, 56809, 10, 2018, 20.6, '5bulan5', 'Tinggi'),
(639, 56810, 10, 2018, 20.9, '5bulan5', 'Tinggi'),
(640, 56811, 10, 2018, 13.8, '5bulan5', 'Rendah'),
(641, 56812, 10, 2018, 17.2, '5bulan5', 'Rendah'),
(642, 56813, 10, 2018, 16.7, '5bulan5', 'Rendah'),
(643, 56814, 10, 2018, 20.7, '5bulan5', 'Sedang'),
(644, 56815, 10, 2018, 25.3, '5bulan5', 'Tinggi');

-- --------------------------------------------------------

--
-- Table structure for table `logs`
--

CREATE TABLE `logs` (
  `id` int(10) UNSIGNED NOT NULL,
  `log` varchar(50) NOT NULL,
  `date` datetime DEFAULT NULL,
  `type` varchar(20) DEFAULT NULL
) ENGINE=InnoDB DEFAULT CHARSET=latin1;

-- --------------------------------------------------------

--
-- Table structure for table `menus`
--

CREATE TABLE `menus` (
  `id` int(10) UNSIGNED NOT NULL,
  `parent_id` int(10) NOT NULL,
  `name` varchar(30) NOT NULL,
  `link` varchar(30) NOT NULL,
  `seq` int(10) DEFAULT NULL,
  `page_title` varchar(30) DEFAULT NULL,
  `page_title_sm` varchar(30) DEFAULT NULL,
  `icon` varchar(30) DEFAULT NULL,
  `group` int(10) DEFAULT NULL
) ENGINE=InnoDB DEFAULT CHARSET=latin1;

--
-- Dumping data for table `menus`
--

INSERT INTO `menus` (`id`, `parent_id`, `name`, `link`, `seq`, `page_title`, `page_title_sm`, `icon`, `group`) VALUES
(1, 1, 'Input Temperature', 'tin', 1, 'Temperature', 'From Sensor DHT11', 'temp', 1);

-- --------------------------------------------------------

--
-- Table structure for table `modules`
--

CREATE TABLE `modules` (
  `id` int(10) UNSIGNED NOT NULL,
  `name` varchar(30) NOT NULL,
  `link` varchar(30) NOT NULL,
  `description` varchar(30) DEFAULT NULL,
  `seq` int(30) DEFAULT NULL,
  `group` int(10) DEFAULT NULL
) ENGINE=InnoDB DEFAULT CHARSET=latin1;

--
-- Dumping data for table `modules`
--

INSERT INTO `modules` (`id`, `name`, `link`, `description`, `seq`, `group`) VALUES
(1, 'Temperature', 'temp', 'Monitoring Temperature', 1, 1);

-- --------------------------------------------------------

--
-- Table structure for table `pelanggan`
--

CREATE TABLE `pelanggan` (
  `id_pelanggan` int(10) NOT NULL,
  `nama` varchar(30) NOT NULL,
  `jk` varchar(1) NOT NULL,
  `tipe` varchar(1) NOT NULL,
  `jumlah_anggota_keluarga` int(2) NOT NULL,
  `jumlah_kendaraan` int(2) NOT NULL,
  `status` int(1) NOT NULL
) ENGINE=InnoDB DEFAULT CHARSET=latin1;

--
-- Dumping data for table `pelanggan`
--

INSERT INTO `pelanggan` (`id_pelanggan`, `nama`, `jk`, `tipe`, `jumlah_anggota_keluarga`, `jumlah_kendaraan`, `status`) VALUES
(12345, 'GINA MARLINA', 'P', 'A', 2, 4, 1),
(56796, 'NURUL HUDA', 'L', 'A', 7, 1, 1),
(56797, 'SYAMSUL JAJURI', 'L', 'A', 3, 5, 1),
(56798, 'AI NURUL HIDAYATI', 'P', 'A', 3, 3, 1),
(56799, 'AI SITI RUBAIAH', 'P', 'A', 4, 1, 1),
(56800, 'DIAN SETIAWATI', 'P', 'A', 2, 5, 1),
(56801, 'AGUS EPENDI', 'L', 'A', 7, 1, 1),
(56802, 'HERUDA NOVENDI', 'L', 'A', 8, 4, 1),
(56803, 'IKEU ROSILAWATI', 'P', 'B', 5, 1, 1),
(56805, 'DIDI SUDIANA', 'L', 'B', 5, 4, 1),
(56806, 'INDAH IRAWATI', 'P', 'B', 3, 1, 1),
(56807, 'JOKO ANWAR', 'L', 'B', 2, 6, 1),
(56808, 'KURNIAWAN MAULANA', 'L', 'B', 9, 4, 1),
(56809, 'MARYATI', 'P', 'B', 2, 5, 1),
(56810, 'WAWAN RIDWAN', 'L', 'B', 5, 5, 1),
(56811, 'PURRI JULIANA NOARI', 'P', 'C', 2, 1, 1),
(56812, 'KIKI NURHAKIKI', 'P', 'C', 4, 6, 1),
(56813, 'JAJANG NURJAMAN', 'L', 'C', 2, 6, 1),
(56814, 'KOMARUDIN', 'L', 'C', 7, 1, 1),
(56815, 'TOTO ISJAYANTO', 'L', 'C', 5, 7, 1),
(56816, 'NINA IRAWATI', 'P', 'B', 3, 1, 1);

-- --------------------------------------------------------

--
-- Table structure for table `penggunaan_air`
--

CREATE TABLE `penggunaan_air` (
  `id` int(10) UNSIGNED NOT NULL,
  `id_pelanggan` int(10) NOT NULL,
  `value` double DEFAULT NULL,
  `date` datetime DEFAULT NULL
) ENGINE=InnoDB DEFAULT CHARSET=latin1;

--
-- Dumping data for table `penggunaan_air`
--

INSERT INTO `penggunaan_air` (`id`, `id_pelanggan`, `value`, `date`) VALUES
(10461, 56816, 220, '2018-11-20 19:18:37'),
(10462, 56816, 35, '2018-11-20 19:18:38'),
(10463, 56816, 70, '2018-11-20 19:18:39'),
(10464, 56816, 70, '2018-11-20 19:18:40'),
(10465, 56816, 185, '2018-11-20 19:18:41'),
(10466, 56816, 275, '2018-11-20 19:18:42'),
(10467, 56816, 275, '2018-11-20 19:18:43'),
(10468, 56816, 255, '2018-11-20 19:18:44'),
(10469, 56816, 255, '2018-11-20 19:18:45'),
(10470, 56816, 255, '2018-11-20 19:18:46'),
(10471, 56816, 310, '2018-11-20 19:18:47'),
(10472, 56816, 295, '2018-11-20 19:18:48'),
(10473, 56816, 295, '2018-11-20 19:18:49'),
(10474, 56816, 255, '2018-11-20 19:18:50'),
(10475, 56816, 255, '2018-11-20 19:18:51'),
(10476, 56816, 255, '2018-11-20 19:18:52'),
(10477, 56816, 275, '2018-11-20 19:18:53'),
(10478, 56816, 350, '2018-11-20 19:18:54'),
(10479, 56816, 275, '2018-11-20 19:18:55'),
(10480, 56816, 310, '2018-11-20 19:18:56'),
(10481, 56816, 310, '2018-11-20 19:18:57'),
(10482, 56816, 255, '2018-11-20 19:18:58'),
(10483, 56816, 255, '2018-11-20 19:18:59'),
(10484, 56816, 295, '2018-11-20 19:19:00'),
(10485, 56816, 255, '2018-11-20 19:19:01'),
(10486, 56816, 240, '2018-11-20 19:19:02'),
(10487, 56816, 240, '2018-11-20 19:19:03'),
(10488, 56816, 275, '2018-11-20 19:19:04'),
(10489, 56816, 255, '2018-11-20 19:19:05'),
(10490, 56816, 295, '2018-11-20 19:19:06'),
(10491, 56816, 240, '2018-11-20 19:19:07'),
(10492, 56816, 295, '2018-11-20 19:19:08'),
(10493, 56816, 275, '2018-11-20 19:19:09'),
(10494, 56816, 295, '2018-11-20 19:19:10'),
(10495, 56816, 275, '2018-11-20 19:19:11'),
(10496, 56816, 310, '2018-11-20 19:19:12'),
(10497, 56816, 295, '2018-11-20 19:19:13'),
(10498, 56816, 240, '2018-11-20 19:19:14'),
(10499, 56816, 295, '2018-11-20 19:19:15'),
(10500, 56816, 255, '2018-11-20 19:19:16'),
(10501, 56816, 295, '2018-11-20 19:19:17'),
(10502, 56816, 255, '2018-11-20 19:19:18'),
(10503, 56816, 295, '2018-11-20 19:19:19'),
(10504, 56816, 275, '2018-11-20 19:19:20'),
(10505, 56816, 255, '2018-11-20 19:19:21'),
(10506, 56816, 255, '2018-11-20 19:19:22'),
(10507, 56816, 255, '2018-11-20 19:19:23'),
(10508, 56816, 275, '2018-11-20 19:19:24'),
(10509, 56816, 275, '2018-11-20 19:19:25'),
(10510, 56816, 275, '2018-11-20 19:19:26'),
(10511, 56816, 240, '2018-11-20 19:19:27'),
(10512, 56816, 240, '2018-11-20 19:19:28'),
(10513, 56816, 255, '2018-11-20 19:19:29'),
(10514, 56816, 255, '2018-11-20 19:19:30'),
(10515, 56816, 255, '2018-11-20 19:19:31'),
(10516, 56816, 295, '2018-11-20 19:19:32'),
(10517, 56816, 295, '2018-11-20 19:19:33'),
(10518, 56816, 240, '2018-11-20 19:19:34'),
(10519, 56816, 275, '2018-11-20 19:19:35'),
(10520, 56816, 275, '2018-11-20 19:19:36'),
(10521, 56816, 275, '2018-11-20 19:19:37'),
(10522, 56816, 255, '2018-11-20 19:19:38'),
(10523, 56816, 240, '2018-11-20 19:19:39'),
(10524, 56816, 295, '2018-11-20 19:19:40'),
(10525, 56816, 255, '2018-11-20 19:19:41'),
(10526, 56816, 275, '2018-11-20 19:19:42'),
(10527, 56816, 255, '2018-11-20 19:19:43'),
(10528, 56816, 240, '2018-11-20 19:19:44'),
(10529, 56816, 255, '2018-12-20 19:19:44'),
(10530, 56816, 295, '2018-12-20 19:19:45'),
(10531, 56816, 295, '2018-12-20 19:19:46'),
(10532, 56816, 275, '2018-12-20 19:19:47'),
(10533, 56816, 255, '2018-12-20 19:19:48'),
(10534, 56816, 275, '2018-12-20 19:19:49'),
(10535, 56816, 255, '2018-12-20 19:19:50'),
(10536, 56816, 275, '2018-12-20 19:19:51'),
(10537, 56816, 240, '2018-12-20 19:19:52'),
(10538, 56816, 240, '2018-12-20 19:19:53'),
(10539, 56816, 255, '2018-12-20 19:19:54'),
(10540, 56816, 275, '2018-12-20 19:19:55'),
(10541, 56816, 275, '2018-12-20 19:19:56'),
(10542, 56816, 275, '2018-12-20 19:19:57'),
(10543, 56816, 295, '2018-12-20 19:19:58'),
(10544, 56816, 255, '2018-12-20 19:19:59'),
(10545, 56816, 255, '2018-12-20 19:20:00'),
(10546, 56816, 240, '2018-12-20 19:20:01'),
(10547, 56816, 255, '2018-12-20 19:20:02'),
(10548, 56816, 240, '2018-12-20 19:20:03'),
(10549, 56816, 240, '2018-12-20 19:20:04'),
(10550, 56816, 275, '2018-12-20 19:20:05'),
(10551, 56816, 275, '2018-12-20 19:20:06'),
(10552, 56816, 275, '2018-12-20 19:20:07'),
(10553, 56816, 275, '2018-12-20 19:20:08'),
(10554, 56816, 310, '2018-12-20 19:20:09'),
(10555, 56816, 275, '2018-12-20 19:20:10'),
(10556, 56816, 310, '2018-12-20 19:20:11'),
(10557, 56816, 275, '2018-12-20 19:20:12'),
(10558, 56816, 255, '2018-12-20 19:20:13'),
(10559, 56816, 255, '2018-12-20 19:20:14'),
(10560, 56816, 255, '2018-12-20 19:20:15'),
(10561, 56816, 275, '2018-12-20 19:20:16'),
(10562, 56816, 240, '2018-12-20 19:20:17'),
(10563, 56816, 240, '2018-12-20 19:20:18'),
(10564, 56816, 255, '2018-12-20 19:20:19'),
(10565, 56816, 295, '2018-12-20 19:20:20'),
(10566, 56816, 255, '2018-12-20 19:20:21'),
(10567, 56816, 240, '2018-12-20 19:20:22'),
(10568, 56816, 255, '2018-12-20 19:20:23'),
(10569, 56816, 255, '2018-12-20 19:20:24'),
(10570, 56816, 275, '2018-12-20 19:20:25'),
(10571, 56816, 295, '2018-12-20 19:20:26'),
(10572, 56816, 295, '2018-12-20 19:20:27'),
(10573, 56816, 275, '2018-12-20 19:20:28'),
(10574, 56816, 240, '2018-12-20 19:20:29'),
(10575, 56816, 275, '2018-12-20 19:20:30'),
(10576, 56816, 275, '2018-12-20 19:20:31'),
(10577, 56816, 295, '2018-12-20 19:20:32'),
(10578, 56816, 310, '2018-12-20 19:20:33'),
(10579, 56816, 240, '2018-12-20 19:20:34'),
(10580, 56816, 240, '2018-12-20 19:20:35'),
(10581, 56816, 240, '2018-12-20 19:20:36'),
(10582, 56816, 275, '2018-12-20 19:20:37'),
(10583, 56816, 255, '2018-12-20 19:20:38'),
(10584, 56816, 240, '2018-12-20 19:20:39'),
(10585, 56816, 240, '2018-12-20 19:20:40'),
(10586, 56816, 275, '2018-12-20 19:20:41'),
(10587, 56816, 240, '2018-12-20 19:20:42'),
(10588, 56816, 255, '2018-12-20 19:20:43'),
(10589, 56816, 240, '2018-12-20 19:20:44'),
(10590, 56816, 240, '2018-12-20 19:20:45'),
(10591, 56816, 240, '2018-12-20 19:20:46'),
(10592, 56816, 255, '2018-12-20 19:20:47'),
(10593, 56816, 240, '2018-12-20 19:20:48'),
(10594, 56816, 275, '2018-12-20 19:20:49'),
(10595, 56816, 240, '2018-12-20 19:20:50'),
(10596, 56816, 275, '2018-12-20 19:20:51'),
(10597, 56816, 255, '2019-01-20 19:20:51'),
(10598, 56816, 310, '2019-01-20 19:20:52'),
(10599, 56816, 255, '2019-01-20 19:20:53'),
(10600, 56816, 275, '2019-01-20 19:20:54'),
(10601, 56816, 220, '2019-01-20 19:20:55'),
(10602, 56816, 275, '2019-01-20 19:20:56'),
(10603, 56816, 275, '2019-01-20 19:20:57'),
(10604, 56816, 255, '2019-01-20 19:20:58'),
(10605, 56816, 275, '2019-01-20 19:20:59'),
(10606, 56816, 255, '2019-01-20 19:21:00'),
(10607, 56816, 275, '2019-01-20 19:21:01'),
(10608, 56816, 240, '2019-01-20 19:21:02'),
(10609, 56816, 295, '2019-01-20 19:21:03'),
(10610, 56816, 255, '2019-01-20 19:21:04'),
(10611, 56816, 240, '2019-01-20 19:21:05'),
(10612, 56816, 295, '2019-01-20 19:21:06'),
(10613, 56816, 240, '2019-01-20 19:21:07'),
(10614, 56816, 255, '2019-01-20 19:21:08'),
(10615, 56816, 255, '2019-01-20 19:21:09'),
(10616, 56816, 295, '2019-01-20 19:21:10'),
(10617, 56816, 255, '2019-01-20 19:21:11'),
(10618, 56816, 275, '2019-01-20 19:21:12'),
(10619, 56816, 220, '2019-01-20 19:21:13'),
(10620, 56816, 275, '2019-01-20 19:21:14'),
(10621, 56816, 295, '2019-01-20 19:21:15'),
(10622, 56816, 275, '2019-01-20 19:21:16'),
(10623, 56816, 295, '2019-01-20 19:21:17'),
(10624, 56816, 255, '2019-01-20 19:21:18'),
(10625, 56816, 275, '2019-01-20 19:21:19'),
(10626, 56816, 240, '2019-01-20 19:21:20'),
(10627, 56816, 240, '2019-01-20 19:21:21'),
(10628, 56816, 350, '2019-01-20 19:21:22'),
(10629, 56816, 240, '2019-01-20 19:21:23'),
(10630, 56816, 255, '2019-01-20 19:21:24'),
(10631, 56816, 255, '2019-01-20 19:21:25'),
(10632, 56816, 220, '2019-01-20 19:21:26'),
(10633, 56816, 275, '2019-01-20 19:21:27'),
(10634, 56816, 255, '2019-01-20 19:21:28'),
(10635, 56816, 275, '2019-01-20 19:21:29'),
(10636, 56816, 275, '2019-01-20 19:21:30'),
(10637, 56816, 255, '2019-01-20 19:21:31'),
(10638, 56816, 275, '2019-01-20 19:21:32'),
(10639, 56816, 240, '2019-01-20 19:21:33'),
(10640, 56816, 220, '2019-01-20 19:21:34'),
(10641, 56816, 275, '2019-01-20 19:21:35'),
(10642, 56816, 255, '2019-01-20 19:21:36'),
(10643, 56816, 255, '2019-01-20 19:21:37'),
(10644, 56816, 255, '2019-01-20 19:21:38'),
(10645, 56816, 255, '2019-01-20 19:21:39'),
(10646, 56816, 240, '2019-01-20 19:21:40'),
(10647, 56816, 275, '2019-01-20 19:21:41'),
(10648, 56816, 310, '2019-01-20 19:21:42'),
(10649, 56816, 275, '2019-01-20 19:21:43'),
(10650, 56816, 275, '2019-01-20 19:21:44'),
(10651, 56816, 350, '2019-01-20 19:21:45'),
(10652, 56816, 240, '2019-01-20 19:21:46'),
(10653, 56816, 240, '2019-01-20 19:21:47'),
(10654, 56816, 240, '2019-01-20 19:21:48'),
(10655, 56816, 275, '2019-01-20 19:21:49'),
(10656, 56816, 255, '2019-01-20 19:21:50'),
(10657, 56816, 275, '2019-01-20 19:21:51'),
(10658, 56816, 240, '2019-01-20 19:21:52'),
(10659, 56816, 240, '2019-01-20 19:21:53'),
(10660, 56816, 255, '2019-01-20 19:21:54'),
(10661, 56816, 255, '2019-01-20 19:21:55'),
(10662, 56816, 310, '2019-01-20 19:21:56'),
(10663, 56816, 220, '2019-01-20 19:21:57'),
(10664, 56816, 255, '2019-02-20 19:21:57'),
(10665, 56816, 310, '2019-02-20 19:21:58'),
(10666, 56816, 295, '2019-02-20 19:21:59'),
(10667, 56816, 240, '2019-02-20 19:22:00'),
(10668, 56816, 275, '2019-02-20 19:22:01'),
(10669, 56816, 240, '2019-02-20 19:22:02'),
(10670, 56816, 240, '2019-02-20 19:22:03'),
(10671, 56816, 255, '2019-02-20 19:22:04'),
(10672, 56816, 255, '2019-02-20 19:22:05'),
(10673, 56816, 240, '2019-02-20 19:22:06'),
(10674, 56816, 310, '2019-02-20 19:22:07'),
(10675, 56816, 310, '2019-02-20 19:22:08'),
(10676, 56816, 255, '2019-02-20 19:22:09'),
(10677, 56816, 220, '2019-02-20 19:22:10'),
(10678, 56816, 310, '2019-02-20 19:22:11'),
(10679, 56816, 240, '2019-02-20 19:22:12'),
(10680, 56816, 275, '2019-02-20 19:22:13'),
(10681, 56816, 295, '2019-02-20 19:22:14'),
(10682, 56816, 240, '2019-02-20 19:22:15'),
(10683, 56816, 275, '2019-02-20 19:22:16'),
(10684, 56816, 220, '2019-02-20 19:22:17'),
(10685, 56816, 295, '2019-02-20 19:22:18'),
(10686, 56816, 240, '2019-02-20 19:22:19'),
(10687, 56816, 240, '2019-02-20 19:22:20'),
(10688, 56816, 275, '2019-02-20 19:22:21'),
(10689, 56816, 255, '2019-02-20 19:22:22'),
(10690, 56816, 275, '2019-02-20 19:22:23'),
(10691, 56816, 240, '2019-02-20 19:22:24'),
(10692, 56816, 255, '2019-02-20 19:22:25'),
(10693, 56816, 220, '2019-02-20 19:22:26'),
(10694, 56816, 255, '2019-02-20 19:22:27'),
(10695, 56816, 255, '2019-02-20 19:22:28'),
(10696, 56816, 240, '2019-02-20 19:22:29'),
(10697, 56816, 275, '2019-02-20 19:22:30'),
(10698, 56816, 240, '2019-02-20 19:22:31'),
(10699, 56816, 255, '2019-02-20 19:22:32'),
(10700, 56816, 240, '2019-02-20 19:22:33'),
(10701, 56816, 295, '2019-02-20 19:22:34'),
(10702, 56816, 240, '2019-02-20 19:22:35'),
(10703, 56816, 220, '2019-02-20 19:22:36'),
(10704, 56816, 255, '2019-02-20 19:22:37'),
(10705, 56816, 255, '2019-02-20 19:22:38'),
(10706, 56816, 240, '2019-02-20 19:22:39'),
(10707, 56816, 275, '2019-02-20 19:22:40'),
(10708, 56816, 220, '2019-02-20 19:22:41'),
(10709, 56816, 255, '2019-02-20 19:22:42'),
(10710, 56816, 240, '2019-02-20 19:22:43'),
(10711, 56816, 240, '2019-02-20 19:22:44'),
(10712, 56816, 275, '2019-02-20 19:22:45'),
(10713, 56816, 220, '2019-02-20 19:22:46'),
(10714, 56816, 255, '2019-02-20 19:22:47'),
(10715, 56816, 220, '2019-02-20 19:22:48'),
(10716, 56816, 240, '2019-02-20 19:22:49'),
(10717, 56816, 220, '2019-02-20 19:22:50'),
(10718, 56816, 220, '2019-02-20 19:22:51'),
(10719, 56816, 275, '2019-02-20 19:22:52'),
(10720, 56816, 240, '2019-02-20 19:22:53'),
(10721, 56816, 295, '2019-02-20 19:22:54'),
(10722, 56816, 240, '2019-02-20 19:22:55'),
(10723, 56816, 240, '2019-02-20 19:22:56'),
(10724, 56816, 275, '2019-02-20 19:22:57'),
(10725, 56816, 255, '2019-02-20 19:22:58'),
(10726, 56816, 240, '2019-02-20 19:22:59'),
(10727, 56816, 240, '2019-02-20 19:23:00'),
(10728, 56816, 255, '2019-02-20 19:23:01'),
(10729, 56816, 275, '2019-02-20 19:23:02'),
(10730, 56816, 240, '2019-02-20 19:23:03'),
(10731, 56816, 240, '2019-03-20 19:23:03'),
(10732, 56816, 255, '2019-03-20 19:23:04'),
(10733, 56816, 370, '2019-03-20 19:23:05'),
(10734, 56816, 255, '2019-03-20 19:23:06'),
(10735, 56816, 220, '2019-03-20 19:23:07'),
(10736, 56816, 295, '2019-03-20 19:23:08'),
(10737, 56816, 240, '2019-03-20 19:23:09'),
(10738, 56816, 240, '2019-03-20 19:23:10'),
(10739, 56816, 275, '2019-03-20 19:23:11'),
(10740, 56816, 220, '2019-03-20 19:23:12'),
(10741, 56816, 240, '2019-03-20 19:23:13'),
(10742, 56816, 255, '2019-03-20 19:23:14'),
(10743, 56816, 275, '2019-03-20 19:23:15'),
(10744, 56816, 220, '2019-03-20 19:23:16'),
(10745, 56816, 275, '2019-03-20 19:23:17'),
(10746, 56816, 240, '2019-03-20 19:23:18'),
(10747, 56816, 220, '2019-03-20 19:23:19'),
(10748, 56816, 310, '2019-03-20 19:23:20'),
(10749, 56816, 240, '2019-03-20 19:23:21'),
(10750, 56816, 240, '2019-03-20 19:23:22'),
(10751, 56816, 255, '2019-03-20 19:23:23'),
(10752, 56816, 255, '2019-03-20 19:23:24'),
(10753, 56816, 295, '2019-03-20 19:23:25'),
(10754, 56816, 240, '2019-03-20 19:23:26'),
(10755, 56816, 275, '2019-03-20 19:23:27'),
(10756, 56816, 240, '2019-03-20 19:23:28'),
(10757, 56816, 240, '2019-03-20 19:23:29'),
(10758, 56816, 255, '2019-03-20 19:23:30'),
(10759, 56816, 255, '2019-03-20 19:23:31'),
(10760, 56816, 275, '2019-03-20 19:23:32'),
(10761, 56816, 240, '2019-03-20 19:23:33'),
(10762, 56816, 295, '2019-03-20 19:23:34'),
(10763, 56816, 275, '2019-03-20 19:23:35'),
(10764, 56816, 240, '2019-03-20 19:23:36'),
(10765, 56816, 240, '2019-03-20 19:23:37'),
(10766, 56816, 255, '2019-03-20 19:23:38'),
(10767, 56816, 310, '2019-03-20 19:23:39'),
(10768, 56816, 330, '2019-03-20 19:23:40'),
(10769, 56816, 275, '2019-03-20 19:23:41'),
(10770, 56816, 220, '2019-03-20 19:23:42'),
(10771, 56816, 275, '2019-03-20 19:23:43'),
(10772, 56816, 240, '2019-03-20 19:23:44'),
(10773, 56816, 255, '2019-03-20 19:23:45'),
(10774, 56816, 255, '2019-03-20 19:23:46'),
(10775, 56816, 240, '2019-03-20 19:23:47'),
(10776, 56816, 220, '2019-03-20 19:23:48'),
(10777, 56816, 275, '2019-03-20 19:23:49'),
(10778, 56816, 240, '2019-03-20 19:23:50'),
(10779, 56816, 275, '2019-03-20 19:23:51'),
(10780, 56816, 220, '2019-03-20 19:23:52'),
(10781, 56816, 240, '2019-03-20 19:23:53'),
(10782, 56816, 255, '2019-03-20 19:23:54'),
(10783, 56816, 255, '2019-03-20 19:23:55'),
(10784, 56816, 220, '2019-03-20 19:23:56'),
(10785, 56816, 275, '2019-03-20 19:23:57'),
(10786, 56816, 240, '2019-03-20 19:23:58'),
(10787, 56816, 220, '2019-03-20 19:23:59'),
(10788, 56816, 255, '2019-03-20 19:24:00'),
(10789, 56816, 240, '2019-03-20 19:24:01'),
(10790, 56816, 255, '2019-03-20 19:24:02'),
(10791, 56816, 220, '2019-03-20 19:24:03'),
(10792, 56816, 275, '2019-03-20 19:24:04'),
(10793, 56816, 295, '2019-03-20 19:24:05'),
(10794, 56816, 255, '2019-03-20 19:24:06'),
(10795, 56816, 220, '2019-03-20 19:24:07'),
(10796, 56816, 255, '2019-03-20 19:24:08'),
(10797, 56816, 220, '2019-03-20 19:24:09'),
(10798, 56816, 275, '2019-03-20 19:24:10'),
(10799, 56816, 255, '2019-03-20 19:24:11'),
(10800, 56816, 220, '2019-03-20 19:24:12'),
(10801, 56816, 35, '2019-03-20 19:24:13');

-- --------------------------------------------------------

--
-- Table structure for table `pin_status`
--

CREATE TABLE `pin_status` (
  `id` int(10) UNSIGNED NOT NULL,
  `pin` int(10) NOT NULL,
  `status` int(10) DEFAULT NULL,
  `description` varchar(20) DEFAULT NULL
) ENGINE=InnoDB DEFAULT CHARSET=latin1;

-- --------------------------------------------------------

--
-- Table structure for table `users`
--

CREATE TABLE `users` (
  `id` int(10) UNSIGNED NOT NULL,
  `name` varchar(30) NOT NULL,
  `password` varchar(30) NOT NULL,
  `active` int(1) DEFAULT NULL
) ENGINE=InnoDB DEFAULT CHARSET=latin1;

--
-- Dumping data for table `users`
--

INSERT INTO `users` (`id`, `name`, `password`, `active`) VALUES
(1, 'admin', 'admin', 1),
(2, 'tes', 'tes', 1),
(3, 'tess', 'huhuyy', 1),
(4, 'huhuy', 'huhuy', 1),
(5, 'Sarinahku', '8ea8a63c2137e9a4896d2fd4b0f4e2', 0),
(6, 'GINA MARLINA', '0576aaf0e6294fad67f5c1d88ee9a0', 0),
(7, 'Sarinahku', 'd778620b6c42932c4bfa2a5cba09e3', 0),
(8, 'GINA MARLINA', 'bf8df7545832e55cbe13bdce0c1b87', 1);

--
-- Indexes for dumped tables
--

--
-- Indexes for table `arduino`
--
ALTER TABLE `arduino`
  ADD PRIMARY KEY (`id`);

--
-- Indexes for table `data_training`
--
ALTER TABLE `data_training`
  ADD PRIMARY KEY (`id`);

--
-- Indexes for table `groups`
--
ALTER TABLE `groups`
  ADD PRIMARY KEY (`id`);

--
-- Indexes for table `limabulanan`
--
ALTER TABLE `limabulanan`
  ADD PRIMARY KEY (`id_limabulanan`),
  ADD KEY `id_pelanggan` (`id_pelanggan`);

--
-- Indexes for table `logs`
--
ALTER TABLE `logs`
  ADD PRIMARY KEY (`id`);

--
-- Indexes for table `menus`
--
ALTER TABLE `menus`
  ADD PRIMARY KEY (`id`);

--
-- Indexes for table `modules`
--
ALTER TABLE `modules`
  ADD PRIMARY KEY (`id`);

--
-- Indexes for table `pelanggan`
--
ALTER TABLE `pelanggan`
  ADD PRIMARY KEY (`id_pelanggan`);

--
-- Indexes for table `penggunaan_air`
--
ALTER TABLE `penggunaan_air`
  ADD PRIMARY KEY (`id`),
  ADD KEY `id_pelanggan` (`id_pelanggan`);

--
-- Indexes for table `pin_status`
--
ALTER TABLE `pin_status`
  ADD PRIMARY KEY (`id`);

--
-- Indexes for table `users`
--
ALTER TABLE `users`
  ADD PRIMARY KEY (`id`);

--
-- AUTO_INCREMENT for dumped tables
--

--
-- AUTO_INCREMENT for table `arduino`
--
ALTER TABLE `arduino`
  MODIFY `id` int(10) UNSIGNED NOT NULL AUTO_INCREMENT;
--
-- AUTO_INCREMENT for table `data_training`
--
ALTER TABLE `data_training`
  MODIFY `id` int(3) NOT NULL AUTO_INCREMENT, AUTO_INCREMENT=41;
--
-- AUTO_INCREMENT for table `groups`
--
ALTER TABLE `groups`
  MODIFY `id` int(10) UNSIGNED NOT NULL AUTO_INCREMENT;
--
-- AUTO_INCREMENT for table `limabulanan`
--
ALTER TABLE `limabulanan`
  MODIFY `id_limabulanan` int(10) NOT NULL AUTO_INCREMENT, AUTO_INCREMENT=645;
--
-- AUTO_INCREMENT for table `logs`
--
ALTER TABLE `logs`
  MODIFY `id` int(10) UNSIGNED NOT NULL AUTO_INCREMENT;
--
-- AUTO_INCREMENT for table `menus`
--
ALTER TABLE `menus`
  MODIFY `id` int(10) UNSIGNED NOT NULL AUTO_INCREMENT, AUTO_INCREMENT=2;
--
-- AUTO_INCREMENT for table `modules`
--
ALTER TABLE `modules`
  MODIFY `id` int(10) UNSIGNED NOT NULL AUTO_INCREMENT, AUTO_INCREMENT=2;
--
-- AUTO_INCREMENT for table `pelanggan`
--
ALTER TABLE `pelanggan`
  MODIFY `id_pelanggan` int(10) NOT NULL AUTO_INCREMENT, AUTO_INCREMENT=56817;
--
-- AUTO_INCREMENT for table `penggunaan_air`
--
ALTER TABLE `penggunaan_air`
  MODIFY `id` int(10) UNSIGNED NOT NULL AUTO_INCREMENT, AUTO_INCREMENT=10802;
--
-- AUTO_INCREMENT for table `pin_status`
--
ALTER TABLE `pin_status`
  MODIFY `id` int(10) UNSIGNED NOT NULL AUTO_INCREMENT;
--
-- AUTO_INCREMENT for table `users`
--
ALTER TABLE `users`
  MODIFY `id` int(10) UNSIGNED NOT NULL AUTO_INCREMENT, AUTO_INCREMENT=9;
--
-- Constraints for dumped tables
--

--
-- Constraints for table `penggunaan_air`
--
ALTER TABLE `penggunaan_air`
  ADD CONSTRAINT `penggunaan_air_ibfk_1` FOREIGN KEY (`id_pelanggan`) REFERENCES `pelanggan` (`id_pelanggan`) ON DELETE CASCADE ON UPDATE CASCADE;

/*!40101 SET CHARACTER_SET_CLIENT=@OLD_CHARACTER_SET_CLIENT */;
/*!40101 SET CHARACTER_SET_RESULTS=@OLD_CHARACTER_SET_RESULTS */;
/*!40101 SET COLLATION_CONNECTION=@OLD_COLLATION_CONNECTION */;
